Designator;Footprint;Quantity;Value;LCSC Part #
C1, C10, C11, C12, C16, C2, C20, C23, C26, C28, C3, C30, C32, C33, C34, C35, C36, C37, C38, C4, C41, C42, C44, C45, C47, C49, C5, C51, C53, C55, C57, C59, C6, C61, C63, C65, C67, C68, C7, C71, C8, C9;603;42;0.1uF;
C13, C17, C27, C29, C31, C39, C48, C50, C52, C54, C56, C58, C72;603;13;4.7uF;
C14, C18, C60, C62, C64, C66;603;6;2.2uF;
C15, C19;603;2;33pF;
C21, C24, C40, C69, C70, C73, C75;603;7;1uF;
C22, C25, C43, C46;603;4;10uF;
C77, C78, C79, C80, C81, C82, C83, C84, C85, C86, C87, C88, C89, C90, C91, C92;603;16;0.01uF;
D1, D2, D3, D39, D4, D40, D41, D42, D43, D44;402;10;LED G;C130722
D10;D_SOD-523;1;1N4148WT;C27748
D11, D14, D17, D20, D23, D26, D29, D32, D35, D38;603;10;LED W;C158100
D12, D13, D15, D16, D18, D19;402;6;LED R;C130719
D21, D22, D24, D25, D27, D28, D7, D8;402;8;LED O;C130720
D30, D31, D33, D34, D36, D37, D5, D6;402;8;LED Y;C130721
D9;SOD3716X135N;1;MBR0520LT3G;C165467
F1;805;1;MF-PSMF075X-2;C116173
FB1, FB2;603;2;BLM18AG102SN1D;C85824
FB3, FB4, FB5, FB6, FB7, FB8, FB9;603;7;BLM18AG601SN1D;C19330
IC1;SOP80P1176X120-54N;1;IS42S16800J-7TL-TR;C2063470
IC2;QFP50P2200X2200X160-144N;1;STM32H723ZGT6;C730146
IC3;SOT95P280X100-5N;1;MP3302DJ-LF-Z;C15035
IC4, IC5;SOT95P285X140-5N;2;AP2112K-3.3TRG1;C51118
IC6;SOT95P285X140-5N;1;AP2112K-1.8TRG1;C176944
IC7;QFN50P500X500X90-33N;1;SGTL5000XNBA3R2;C511764
J1;TYPEC31M17;1;TYPE-C-31-M-17;C283540
J10, J4, J5, J6, J7, J8, J9;SJ13515SMTTR;7;SJ1-3515-SMT-TR;C92633
J2;HIROSE_FH26W-51S-0.3SHW_60_;1;FH26W-51S-0.3SHW_60_;C424656
J3;M208890345;1;M20-8890345;C5242196
L1;NRS5024T4R7MMGJ;1;NRS5024T4R7MMGJ;C2043431
MICRO_SD;TF-01A;1;TF-01A;C91145
R1, R2;603;2;5.1K;
R10, R100, R101, R102, R103, R104, R105, R106, R107, R108, R109, R110, R111, R112, R113, R114, R115, R116, R117, R118, R119, R12, R120, R121, R122, R16, R23, R24, R25, R26, R28, R29, R32, R36, R37, R38, R39, R4, R40, R41, R42, R43, R44, R45, R46, R47, R81, R82, R83, R84, R85, R86, R87, R88, R99;603;55;10K;
R11, R14, R17, R20, R56, R57, R6, R60, R61, R64, R65, R67, R68, R70, R71, R73, R74, R76, R77, R79, R8, R80, R9, R90, R91, R93, R94, R95, R96, R97, R98;603;31;2.2K;
R13, R7;603;2;100K;
R15, R18, R19, R21, R22;603;5;47K;
R27;603;1;10;
R3, R55, R59, R63, R66, R69, R72, R75, R78, R89, R92;603;11;3.3K;
R30, R31, R48;603;3;220;
R33, R34, R35, R50, R51, R52, R54;603;7;0;
R49;603;1;100;
R5;603;1;4.7;
R53;603;1;470;
R58, R62;603;2;47;
S1;SC12PAQR;1;SC12P-AQR;C240300
S2, S3;431481031816;2;431481031816;
SW1, SW10, SW11, SW12, SW13, SW14, SW15, SW16, SW17, SW18, SW19, SW2, SW20, SW21, SW22, SW23, SW24, SW25, SW26, SW27, SW28, SW29, SW3, SW30, SW31, SW32, SW33, SW34, SW35, SW36, SW37, SW38, SW39, SW4, SW40, SW41, SW42, SW5, SW6, SW7, SW8, SW9;SW_PG1350;42;SW_Push;
U1, U2, U3, U4, U5, U6;QFN65P600X600X100-29N-D;6;MCP23017_ML;C629439
U10, U11, U12, U13, U14, U15, U8, U9;PEC12R4017FN0024;8;PEC12R-4017F-N0024;
U7;SMDIP-6_W9.53mm;1;H11L1;C78589
Y1;ABM7;1;ABM7-8MHZ-D2Y-T;C596892