Designator,Mid X,Mid Y,Rotation,Layer
C1,203.0,-118.0,90.0,bottom
C10,207.75,-147.0,270.0,bottom
C11,190.5,-147.0,270.0,bottom
C12,214.5,-141.0,180.0,bottom
C13,214.5,-128.0,180.0,bottom
C14,192.0,-147.0,270.0,bottom
C15,214.5,-129.5,180.0,bottom
C16,174.5,-147.025,90.0,bottom
C17,176.0,-147.025,90.0,bottom
C18,185.5,-123.75,0.0,bottom
C19,214.5,-139.5,180.0,bottom
C2,214.5,-142.5,180.0,bottom
C20,173.25,-75.475,270.0,bottom
C21,174.74,-75.475,270.0,bottom
C22,176.25,-75.475,270.0,bottom
C23,137.5,-123.5,0.0,bottom
C24,137.5,-125.0,0.0,bottom
C25,137.5,-126.5,0.0,bottom
C26,310.375,-102.75,180.0,bottom
C27,310.375,-104.25,180.0,bottom
C28,146.5,-160.275,90.0,bottom
C29,145.0,-160.275,90.0,bottom
C3,207.5,-118.0,90.0,bottom
C30,146.5,-153.25,270.0,bottom
C31,145.0,-153.25,270.0,bottom
C32,222.75,-126.0,0.0,bottom
C33,222.75,-130.75,0.0,bottom
C34,241.25,-142.5,180.0,bottom
C35,241.25,-131.25,180.0,bottom
C36,241.25,-128.25,180.0,bottom
C37,241.25,-123.75,180.0,bottom
C38,241.25,-125.25,180.0,bottom
C39,241.25,-122.25,180.0,bottom
C4,197.25,-118.0,90.0,bottom
C40,137.5,-153.25,270.0,bottom
C41,76.5,-154.0,180.0,bottom
C42,323.5,-154.0,180.0,bottom
C43,152.225,-119.75,0.0,bottom
C44,152.225,-121.25,0.0,bottom
C45,152.225,-128.5,0.0,bottom
C46,152.225,-127.0,0.0,bottom
C47,83.5,-191.5,0.0,bottom
C48,83.5,-193.0,0.0,bottom
C49,96.5,-164.5,180.0,bottom
C5,185.5,-122.25,0.0,bottom
C50,96.5,-166.0,180.0,bottom
C51,317.5,-164.5,180.0,bottom
C52,317.5,-166.0,180.0,bottom
C53,316.5,-193.0,180.0,bottom
C54,316.5,-191.5,180.0,bottom
C55,76.5,-145.5,180.0,bottom
C56,76.5,-144.0,180.0,bottom
C57,323.5,-145.5,180.0,bottom
C58,323.5,-144.0,180.0,bottom
C59,113.725,-108.125,0.0,bottom
C6,185.5,-129.75,0.0,bottom
C60,113.725,-106.625,0.0,bottom
C61,113.725,-105.125,0.0,bottom
C62,113.725,-103.625,0.0,bottom
C63,91.225,-105.125,0.0,bottom
C64,91.225,-103.625,0.0,bottom
C65,113.725,-102.125,0.0,bottom
C66,113.725,-100.625,0.0,bottom
C67,106.225,-100.625,180.0,bottom
C68,106.225,-108.125,180.0,bottom
C69,106.225,-106.625,180.0,bottom
C7,185.5,-135.75,0.0,bottom
C70,106.225,-105.125,180.0,bottom
C71,270.25,-99.75,180.0,bottom
C72,270.25,-101.25,180.0,bottom
C73,106.225,-103.625,180.0,bottom
C75,106.225,-102.125,180.0,bottom
C77,138.5,-95.0,270.0,bottom
C78,146.0,-95.0,270.0,bottom
C79,147.5,-175.5,0.0,bottom
C8,196.25,-147.0,270.0,bottom
C80,147.5,-183.0,0.0,bottom
C81,174.5,-83.5,0.0,bottom
C82,174.5,-91.0,0.0,bottom
C83,174.5,-175.5,0.0,bottom
C84,174.5,-183.0,0.0,bottom
C85,203.75,-95.0,90.0,bottom
C86,196.25,-95.0,90.0,bottom
C87,196.25,-183.0,270.0,bottom
C88,203.75,-183.0,270.0,bottom
C89,228.5,-83.5,0.0,bottom
C9,201.5,-147.0,270.0,bottom
C90,228.5,-91.0,0.0,bottom
C91,228.5,-175.5,0.0,bottom
C92,228.5,-183.0,0.0,bottom
D1,223.5,-75.675,270.0,bottom
D10,270.25,-104.5,180.0,bottom
D11,123.5375,-199.5,0.0,top
D12,69.5,-122.25,0.0,top
D13,330.5,-122.25,180.0,top
D14,140.5,-199.5,0.0,top
D15,69.5,-124.25,0.0,top
D16,330.5,-124.25,180.0,top
D17,157.5,-199.5,0.0,top
D18,69.5,-126.25,0.0,top
D19,330.5,-126.25,180.0,top
D2,225.0,-75.675,270.0,bottom
D20,174.5,-199.5,0.0,top
D21,69.5,-128.25,0.0,top
D22,330.5,-128.25,180.0,top
D23,191.5,-199.5,0.0,top
D24,69.5,-130.25,0.0,top
D25,330.5,-130.25,180.0,top
D26,208.5,-199.5,0.0,top
D27,69.5,-132.25,0.0,top
D28,330.5,-132.25,180.0,top
D29,225.5375,-199.5,0.0,top
D3,208.5,-73.15,90.0,top
D30,69.5,-134.25,0.0,top
D31,330.5,-134.25,180.0,top
D32,242.5,-199.5,0.0,top
D33,69.5,-136.25,0.0,top
D34,330.5,-136.25,180.0,top
D35,259.5,-199.5,0.0,top
D36,69.5,-138.25,0.0,top
D37,330.5,-138.25,180.0,top
D38,276.5,-199.5,0.0,top
D39,69.5,-140.25,0.0,top
D4,191.5,-73.15,90.0,top
D40,330.5,-140.25,180.0,top
D41,69.5,-142.25,0.0,top
D42,330.5,-142.25,180.0,top
D43,69.5,-144.25,0.0,top
D44,330.5,-144.25,180.0,top
D5,210.0,-73.15,90.0,top
D6,190.0,-73.15,90.0,top
D7,211.5,-73.15,90.0,top
D8,188.5,-73.15,90.0,top
D9,143.75,-149.0375,0.0,bottom
F1,184.5,-75.5,270.0,bottom
FB1,182.75,-75.4625,90.0,bottom
FB2,214.25,-75.5,270.0,bottom
FB3,144.5,-123.5,180.0,bottom
FB4,144.5,-125.0,180.0,bottom
FB5,137.25,-135.0,270.0,bottom
FB6,138.75,-135.0,270.0,bottom
FB7,129.25,-105.5,0.0,bottom
FB8,129.25,-104.0,0.0,bottom
FB9,91.225,-106.625,0.0,bottom
IC1,232.0,-132.25,0.0,bottom
IC2,200.0,-132.5,0.0,bottom
IC3,143.8,-145.3375,0.0,bottom
IC4,152.2,-124.2,180.0,bottom
IC5,122.725,-107.025,180.0,bottom
IC6,122.725,-103.325,180.0,bottom
IC7,98.725,-104.625,180.0,bottom
J1,199.99,-76.325,180.0,bottom
J10,106.5,-80.05,270.0,bottom
J2,163.0,-159.25,0.0,bottom
J3,140.5,-77.75,0.0,bottom
J4,259.5,-80.05,270.0,bottom
J5,276.5,-80.05,270.0,bottom
J6,293.5,-80.05,270.0,bottom
J7,310.5,-80.05,270.0,bottom
J8,123.5,-80.05,270.0,bottom
J9,89.5,-80.05,270.0,bottom
L1,137.25,-147.0875,270.0,bottom
MICRO_SD,325.8,-100.4362,90.0,top
R1,218.5,-75.5,90.0,bottom
R10,142.0,-153.25,90.0,bottom
R100,174.5,-88.0,0.0,bottom
R101,174.5,-178.5,0.0,bottom
R102,174.5,-180.0,0.0,bottom
R103,174.5,-85.0,0.0,bottom
R104,174.5,-89.5,0.0,bottom
R105,174.5,-177.0,0.0,bottom
R106,174.5,-181.5,0.0,bottom
R107,200.75,-95.0,90.0,bottom
R108,199.25,-95.0,90.0,bottom
R109,199.25,-183.0,270.0,bottom
R11,210.0,-75.5,270.0,bottom
R110,200.75,-183.0,270.0,bottom
R111,202.25,-95.0,90.0,bottom
R112,197.75,-95.0,90.0,bottom
R113,197.75,-183.0,270.0,bottom
R114,202.25,-183.0,270.0,bottom
R115,228.5,-86.5,0.0,bottom
R116,228.5,-88.0,0.0,bottom
R117,228.5,-178.5,0.0,bottom
R118,228.5,-180.0,0.0,bottom
R119,228.5,-85.0,0.0,bottom
R12,206.0,-118.0,90.0,bottom
R120,228.5,-89.5,0.0,bottom
R121,228.5,-177.0,0.0,bottom
R122,228.5,-181.5,0.0,bottom
R13,143.5,-153.25,90.0,bottom
R14,190.0,-75.5,270.0,bottom
R15,310.375,-105.75,0.0,bottom
R16,204.5,-118.0,90.0,bottom
R17,211.5,-75.5,270.0,bottom
R18,310.375,-107.25,0.0,bottom
R19,310.375,-98.25,0.0,bottom
R2,217.0,-75.5,90.0,bottom
R20,188.5,-75.5,270.0,bottom
R21,310.375,-99.75,0.0,bottom
R22,310.375,-101.25,0.0,bottom
R23,185.5,-126.75,0.0,bottom
R24,185.5,-138.75,0.0,bottom
R25,185.5,-128.25,0.0,bottom
R26,185.5,-137.25,0.0,bottom
R27,139.0,-153.25,90.0,bottom
R28,76.5,-152.5,180.0,bottom
R29,323.5,-151.0,180.0,bottom
R3,229.5,-75.5,270.0,bottom
R30,76.5,-151.0,180.0,bottom
R31,323.5,-152.5,180.0,bottom
R32,152.225,-130.0,0.0,bottom
R33,175.325,-154.25,180.0,bottom
R34,175.325,-152.75,180.0,bottom
R35,175.325,-151.25,180.0,bottom
R36,83.5,-190.0,0.0,bottom
R37,82.5,-164.5,0.0,bottom
R38,303.5,-164.5,0.0,bottom
R39,316.5,-190.0,180.0,bottom
R4,134.5,-153.25,90.0,bottom
R40,76.5,-148.5,0.0,bottom
R41,323.5,-148.5,180.0,bottom
R42,83.5,-188.5,0.0,bottom
R43,82.5,-166.0,0.0,bottom
R44,303.5,-166.0,0.0,bottom
R45,316.5,-188.5,180.0,bottom
R46,76.5,-147.0,0.0,bottom
R47,323.5,-147.0,180.0,bottom
R48,270.25,-102.75,0.0,bottom
R49,106.225,-109.625,0.0,bottom
R5,140.5,-153.25,270.0,bottom
R50,91.225,-102.125,0.0,bottom
R51,281.5,-104.25,0.0,bottom
R52,91.225,-108.125,0.0,bottom
R53,281.5,-102.75,180.0,bottom
R54,281.5,-105.75,0.0,bottom
R55,123.5,-199.5,180.0,bottom
R56,76.5,-125.0,0.0,bottom
R57,323.5,-125.0,180.0,bottom
R58,281.5,-99.75,0.0,bottom
R59,140.5,-199.5,180.0,bottom
R6,228.0,-75.5,270.0,bottom
R60,76.5,-126.5,0.0,bottom
R61,323.5,-126.5,180.0,bottom
R62,281.5,-101.25,0.0,bottom
R63,157.5,-199.5,180.0,bottom
R64,76.5,-128.0,0.0,bottom
R65,323.5,-128.0,180.0,bottom
R66,174.5,-199.5,180.0,bottom
R67,76.5,-129.5,0.0,bottom
R68,323.5,-129.5,180.0,bottom
R69,191.5,-199.5,180.0,bottom
R7,136.0,-153.25,90.0,bottom
R70,76.5,-131.0,0.0,bottom
R71,323.5,-131.0,180.0,bottom
R72,208.5,-199.5,180.0,bottom
R73,76.5,-132.5,0.0,bottom
R74,323.5,-132.5,180.0,bottom
R75,225.5,-199.5,180.0,bottom
R76,76.5,-134.0,0.0,bottom
R77,323.5,-134.0,180.0,bottom
R78,242.5,-199.5,180.0,bottom
R79,76.5,-135.5,0.0,bottom
R8,208.5,-75.5,270.0,bottom
R80,323.5,-135.5,180.0,bottom
R81,141.5,-95.0,270.0,bottom
R82,143.0,-95.0,270.0,bottom
R83,147.5,-178.5,0.0,bottom
R84,147.5,-180.0,0.0,bottom
R85,140.0,-95.0,270.0,bottom
R86,144.5,-95.0,270.0,bottom
R87,147.5,-177.0,0.0,bottom
R88,147.5,-181.5,0.0,bottom
R89,259.5,-199.5,180.0,bottom
R9,191.5,-75.5,270.0,bottom
R90,76.5,-137.0,0.0,bottom
R91,323.5,-137.0,180.0,bottom
R92,276.5,-199.5,180.0,bottom
R93,76.5,-138.5,0.0,bottom
R94,323.5,-138.5,180.0,bottom
R95,76.5,-140.0,0.0,bottom
R96,323.5,-140.0,180.0,bottom
R97,76.5,-141.5,0.0,bottom
R98,323.5,-141.5,180.0,bottom
R99,174.5,-86.5,0.0,bottom
S1,69.35,-102.75,270.0,top
S2,106.5,-204.25,180.0,top
S3,293.5,-204.25,180.0,top
SW1,89.5,-91.858,0.0,top
SW10,89.5,-118.858,0.0,top
SW11,276.5,-118.858,0.0,top
SW12,174.5,-206.858,0.0,top
SW13,106.5,-118.858,0.0,top
SW14,293.5,-118.858,0.0,top
SW15,191.5,-206.858,0.0,top
SW16,123.5,-118.858,0.0,top
SW17,310.5,-118.858,0.0,top
SW18,208.5,-206.858,0.0,top
SW19,89.5,-135.858,0.0,top
SW2,276.5,-91.858,0.0,top
SW20,276.5,-135.858,0.0,top
SW21,225.5,-206.858,0.0,top
SW22,106.5,-135.858,0.0,top
SW23,293.5,-135.858,0.0,top
SW24,242.5,-206.858,0.0,top
SW25,123.5,-135.858,0.0,top
SW26,310.5,-135.858,0.0,top
SW27,259.5,-206.858,0.0,top
SW28,89.5,-152.858,0.0,top
SW29,276.5,-152.858,0.0,top
SW3,123.5,-206.858,0.0,top
SW30,276.5,-206.858,0.0,top
SW31,106.5,-152.858,0.0,top
SW32,293.5,-152.858,0.0,top
SW33,123.5,-152.858,0.0,top
SW34,310.5,-152.858,0.0,top
SW35,89.5,-179.858,0.0,top
SW36,276.5,-179.858,0.0,top
SW37,106.5,-179.858,0.0,top
SW38,293.5,-179.858,0.0,top
SW39,123.5,-179.858,0.0,top
SW4,106.5,-91.858,0.0,top
SW40,310.5,-179.858,0.0,top
SW41,89.5,-206.858,0.0,top
SW42,310.5,-206.858,0.0,top
SW5,293.5,-91.858,0.0,top
SW6,140.5,-206.858,0.0,top
SW7,123.5,-91.858,0.0,top
SW8,310.5,-91.858,0.0,top
SW9,157.5,-206.858,0.0,top
U1,106.5,-191.5,180.0,bottom
U10,186.5,-89.9875,0.0,top
U11,186.5,-182.7375,0.0,top
U12,213.5,-89.9875,0.0,top
U13,213.5,-182.7375,0.0,top
U14,240.5,-89.9875,0.0,top
U15,240.5,-182.7375,0.0,top
U2,89.5,-164.0,0.0,bottom
U3,310.5,-164.0,0.0,bottom
U4,293.5,-191.5,270.0,bottom
U5,74.2,-116.25,0.0,bottom
U6,325.8,-116.25,0.0,bottom
U7,293.5,-102.79,0.0,bottom
U8,159.5,-89.9875,0.0,top
U9,159.5,-182.7375,0.0,top
Y1,214.75,-134.5,270.0,bottom
